{
  "runtimeOptions": {
    "tfm": "net8.0",
    "frameworks": [
      {
        "name": "Microsoft.NETCore.App",
        "version": "8.0.0-rc.2.23479.6"
      },
      {
        "name": "Microsoft.AspNetCore.App",
        "version": "8.0.0-rc.2.23480.2"
      }
    ],
    "configProperties": {
      "System.GC.Server": true,
      "System.Globalization.Invariant": true,
      "System.Globalization.PredefinedCulturesOnly": true,
      "System.Reflection.Metadata.MetadataUpdater.IsSupported": false,
      "System.Runtime.Serialization.EnableUnsafeBinaryFormatterSerialization": false
    }
  }
}